Model,Year 91,Year 01
Decision Tree,0.9103694590896305,0.8675964306149458
XGBoost,0.859892032140108,0.8859561383202226
