Model,Year 91,Year 01
Decision Tree,6.601011356880464e-06,1.005222957888604e-05
XGBoost,7.917803420312223e-06,9.325888475425599e-06
