Model,Year 91,Year 01
Decision Tree,45.256846589743155,79.62278693322035
XGBoost,53.442053739276936,73.32402292298082
