,Model,Year 91,Year 01
0,Decision Tree,0.9103674570896325,0.8642664022677737
1,XGBoost,0.859892032140108,0.8876141639768156
