Model,Year 91,Year 01
Decision Tree,45.256846589743155,81.18127339515259
XGBoost,53.442053739276936,73.33093727891001
