,Dest,ArrDelay
28,BQN,18.573705179282868
133,MAZ,18.363636363636363
176,PSG,16.800904977375566
227,WRG,16.151424287856074
150,MQT,16.13978494623656
93,GUC,15.79111111111111
19,BGR,15.681642368342755
229,YAK,14.764705882352942
110,JAC,14.298469387755102
39,CDV,13.19830028328612
166,ORH,12.994061757719715
201,SIT,12.192708333333334
