,Dest,ArrDelay
90,GST,20.518987341772153
139,MFR,14.266403162055337
35,CDV,11.922627737226277
231,YAK,11.16969696969697
149,MRY,10.966783216783217
102,HVN,9.819548872180452
172,PIA,9.67
203,SIT,9.619047619047619
146,MLU,9.322502030869211
70,FAI,9.31072463768116
197,SCC,9.286614173228346
16,BGR,9.251459854014598
