,UniqueCarrier,ArrDelay
2,AS,11.71687910390112
9,UA,8.625530044317387
5,HP,8.324058042302017
6,MQ,7.761099295787077
0,AA,5.782605193751565
4,DL,4.984308254185548
1,AQ,4.888563890800643
11,WN,4.855821933876753
8,TW,4.2484949608438285
10,US,3.513551631755064
3,CO,3.3232846269845395
7,NW,3.151802560581363
