,Origin,ArrDelay
4,ACY,98.0
65,DUT,18.830985915492956
177,PSG,17.07390648567119
62,DRO,15.151515151515152
95,HDN,14.607266435986158
115,JNU,13.573115349682107
228,WRG,13.127596439169139
111,JAC,12.025641025641026
168,OTZ,11.94880174291939
40,CDV,11.337110481586402
163,OME,11.306485355648535
60,DLG,10.94672131147541
