UniqueCarrier,DepDelay
UA,7.624028543793383
WN,7.074228380315337
HP,7.017593664443342
DL,6.993598073667043
ML (1),6.229676674364896
CO,6.107597581767323
TW,5.619743291771881
US,4.761935546935747
AA,4.705935521492836
AS,4.334801313026281
PA (1),3.3194792188282425
NW,3.115591850295854
