,Origin,ArrDelay
90,GST,13.641975308641975
139,MFR,12.730590062111801
149,MRY,12.472366148531952
94,HDN,12.377245508982035
62,EGE,11.422712933753942
116,JNU,10.843040743779055
203,SIT,9.606700655498907
138,MFE,9.166483717526528
129,LNK,9.15160744500846
200,SFO,8.969727910605034
35,CDV,8.439372325249643
118,KTN,8.271543985637344
